251990630	-5.1016135
251990670	0.34373474
251990712	0.30075836
251990750	0.46083355
251990791	0.47566605
251990830	0.05516815
251990871	-0.17656422
251990910	-0.3539915
251990950	-0.3550911
251990990	-0.094358444
251991031	0.15638924
251991070	0.25724792
251991111	0.20813084
251991150	0.034802437
251991191	0.010011673
251991231	-0.015343666
251991271	-0.06485462
251991310	0.034124374
251991351	0.13749027
251991390	0.16104317
251991430	0.1988182
251991511	0.13907623
251991550	0.06583786
251991591	0.016114235
251991630	0.041963577
251991670	0.14430714
251991710	0.25554276
251991751	0.50763226
251991790	0.56631565
251991831	0.36675644
251991870	0.19936562
251991911	-0.22383785
251991950	-0.47646332
251991991	-0.33168316
251992030	-0.19864655
251992071	0.12162113
251992110	0.4836464
251992151	0.56939125
251992190	0.6238861
251992231	0.29746342
251992270	0.053709984
251992311	-0.06184578
251992351	-0.2836008
251992390	-0.2092905
251992430	-0.17063141
251992471	0.010341644
251992511	0.30580425
251992551	0.41402054
251992590	0.5303955
251992631	0.42193985
251992671	0.232831
251992711	0.25056362
251992750	0.05234623
251992791	-0.19113731
251992830	-0.23566341
251992872	-0.21992874
251992910	0.0802784
251992951	0.2738886
251992990	0.49787807
251993031	0.61321926
251993070	0.45122623
251993111	0.32104778
251993150	0.12849522
251993191	-0.16246319
251993230	-0.31360912
251993271	-0.18260479
251993310	-0.119633675
251993351	0.15801907
251993390	0.3752861
251993430	0.33312035
251993470	0.330925
251993511	0.14039135
251993550	0.066786766
251993591	-0.0042381287
251993630	-0.0661211
251993671	0.09389019
251993710	0.09396553
251993751	0.067952156
251993790	0.140131
251993831	0.22381878
251993870	0.24687386
251993911	0.18597984
251993950	0.13669872
251993990	0.064193726
251994070	0.04116249
251994114	0.0878458
251994280	0.04116249
251994320	0.064193726
251994410	0.08747101
251994491	0.11313343
251994630	0.04068184
251994671	-0.05854416
251994710	-0.027990341
251994751	0.20482445
251994790	0.42365456
251994831	0.622036
251994870	0.6358404
251994910	0.41269588
251994950	0.052384377
251994991	-0.2742653
251995030	-0.36397648
251995070	-0.29207897
251995110	-0.088974
251995151	0.039391518
251995190	0.15053177
251995231	0.26249123
251995270	0.21402931
251995311	0.14151955
251995350	0.085707664
251995391	0.11073971
251995430	0.18520927
251995471	0.1969738
251995510	0.24618149
251995551	0.3069973
251995590	0.20923424
251995630	0.111104965
251995670	0.07470322
251995750	0.13576508
251995791	0.10103607
251995830	0.0626421
251995871	0.16599274
251995910	0.33656788
251995952	0.31349754
251996000	0.28746128
251996040	0.2644987
251996080	0.09335613
251996120	0.09200668
251996170	0.06475735
251996211	0.053135872
251996250	0.103507996
251996291	0.18728828
251996331	0.2598648
251996371	0.15110016
251996410	0.10201931
251996450	0.15266514
251996490	0.15668774
251996531	0.21753693
251996610	0.16848564
251996650	0.14494991
251996691	0.08192825
251996730	0.058638573
251996771	0.12479687
251996850	0.12688828
251996890	0.1502428
251996931	0.11769676
251996970	0.33560848
251997011	0.39328098
251997050	0.36858845
251997091	0.30938148
251997130	0.07035637
251997170	0.13681984
251997210	0.24577618
251997251	0.30462074
251997290	0.23875046
251997359	0.010607719
251997400	-0.043663025
251997458	0.041511536
251997504	0.32693386
251997541	0.35629272
251997580	0.33972263
251997621	0.17502117
251997660	-0.08132172
251997701	-0.24500084
251997740	-0.026320457
251997781	0.41672516
251997821	0.7051344
251997861	0.77990913
251997901	1.2754335
251997941	0.8308754
251997981	0.8218994
251998021	1.0482635
251998061	0.36963654
251998100	0.8749771
251998140	0.8313303
251998181	0.38022327
251998220	0.39794445
251998261	0.1868248
251998301	0.02320385
251998341	0.31467915
251998392	0.053530693
251998431	-0.41897964
251998471	-0.37489605
251998511	-0.45855618
251998550	-0.56296825
251998591	-0.75925255
251998630	-1.0658131
251998671	-0.8601866
251998710	-0.29052925
251998751	-0.32475471
251998791	-0.8195114
251998831	-1.2028799
251998870	-1.8159156
251998911	-1.7942495
251998951	-0.70506763
251998991	-0.9086008
251999030	-0.75775623
251999071	0.1224432
251999110	0.2227087
251999151	0.6553192
251999190	0.8325243
251999231	0.12094879
251999270	-0.111047745
251999311	-0.046666145
251999350	0.3269434
251999391	0.46136665
251999431	0.03680992
251999471	0.0056171417
251999510	-0.65712166
251999551	-1.0429115
251999590	-0.43705845
251999631	-0.3546095
251999670	-0.65690804
251999711	0.49914837
251999750	0.48619747
251999791	1.3404951
251999830	1.7049456
251999871	1.4186821
251999910	1.0548229
251999951	0.23496437
251999990	-0.5318632
252000031	-0.20576382
252000071	-0.16478157
252000111	0.9692583
252000150	1.9432974
252000191	1.8023691
252000231	1.7048092
252000271	0.7043848
252000310	-0.17344284
252000350	-0.14019394
252000391	0.1069231
252000431	0.5332842
252000470	1.8390255
252000511	3.4015198
252000550	4.0065384
252000591	4.9580145
252000630	4.5517607
252000670	2.0506659
252000710	0.041614532
252000751	-1.792305
252000790	-1.9699302
252000831	-1.159359
252000870	-0.053396225
252000911	1.0548487
252000951	2.0206203
252000991	2.803629
252001031	3.4518404
252001071	5.122774
252001110	7.635618
252001151	7.6987667
252001190	6.245344
252001230	4.761321
252001270	0.4045601
252001310	0.50361156
252001350	-5.6104994
252001391	-7.060334
252001430	-7.044405
252001471	-6.3346367
252001510	-0.015201569
252001550	2.5295658
252001591	4.6737785
252001630	3.3603382
252001670	1.3585539
252001711	-0.6279001
252001750	-0.92030525
252001791	-0.41175938
252001830	1.1254072
252001870	1.1565027
252001910	3.870119
252001950	4.494027
252001990	5.0100727
252002030	2.5818844
252002070	-1.8653331
252002111	-1.7286358
252002150	-2.1065264
252002191	0.16243935
252002231	2.5102873
252002270	3.6031609
252002310	4.1153975
252002350	3.9449978
252002390	2.5908966
252002431	1.330514
252002470	1.254633
252002510	1.4895535
252002550	0.53759
252002590	0.7217026
252002630	0.59409714
252002671	1.2500105
252002710	1.9527912
252002751	2.1756477
252002790	3.1753988
252002831	1.0276585
252002870	0.43717384
252002910	3.0093594
252002950	2.1372223
252002990	5.142517
252003030	4.620224
252003071	3.1359844
252003111	3.4193249
252003150	1.7227068
252003190	3.469452
252003231	2.8475618
252003270	2.8500538
252003310	2.3326254
252003350	0.33848
252003391	-1.3052292
252003430	-3.68505
252003471	-4.794899
252003511	-5.0668473
252003551	-3.8882523
252003590	1.3085966
252003631	3.7486067
252003670	4.6147003
252003710	5.600775
252003750	3.5960484
252003790	1.5240135
252003831	1.6299896
252003871	2.5383215
252003910	-1.1187687
252003950	-0.14627075
252003990	0.44868565
252004030	-0.3179102
252004070	-0.34269428
252004110	0.071858406
252004150	0.11548042
252004190	-0.09854317
252004231	0.12154579
252004271	0.50410557
252004310	1.0489464
252004351	2.248496
252004390	3.4995375
252004431	3.8526917
252004470	4.6267357
252004514	4.546508
252004554	3.4741383
252004591	1.9539261
252004630	-0.50068283
252004671	-2.8853421
252004710	-4.3925834
252004750	-5.137731
252004790	-5.238693
252004831	-3.463983
252004870	1.7907057
252004910	2.8919334
252004951	6.012532
252004990	8.186592
252005030	1.1007061
252005071	2.140337
252005110	3.706149
252005150	-0.87463
252005190	0.75734997
252005231	1.136322
252005270	-0.93150234
252005310	-0.7142134
252005350	-0.61013126
252005390	-0.1618185
252005430	0.6384878
252005471	1.2239313
252005510	1.7061625
252005551	2.2405596
252005590	3.4599113
252005631	2.4914074
252005670	3.597578
252005711	4.652027
252005750	3.8035746
252005791	3.6958427
252005830	0.7648287
252005871	-2.0561934
252005910	-3.4429588
252005950	-4.3157406
252005990	-3.7705612
252006030	-2.1139145
252006071	1.0854473
252006111	1.6317415
252006150	2.653593
252006191	3.5320587
252006231	3.5107412
252006271	0.2189064
252006310	1.5987949
252006350	0.91519356
252006390	-1.1321888
252006431	2.347249
252006470	1.2908754
252006510	-1.3220911
252006550	-1.216917
252006590	-0.58369255
252006630	-0.48374367
252006670	-0.13926315
252006710	-0.036616325
252006751	0.6994772
252006790	1.3138523
252006831	2.5952806
252006870	3.9875078
252006911	3.2353
252006950	3.9400263
252006991	3.221445
252007030	2.4412546
252007071	2.5376234
252007110	0.8392782
252007151	-0.5315542
252007190	-1.8680205
252007241	-2.69452
252007280	-2.9291701
252007321	-2.6608462
252007360	0.17219543
252007401	1.4904652
252007440	2.4798841
252007480	3.970747
252007520	3.5799694
252007560	1.6006737
252007600	1.1054249
252007640	0.9436188
252007681	-1.4857655
252007720	0.7484255
252007760	1.105773
252007800	-0.7190714
252007840	-0.88536453
252007881	-0.7851877
252007920	-0.7031107
252007960	-0.16128063
252008000	0.1707077
252008041	1.1583138
252008081	1.7081594
252008121	3.4844303
252008160	4.3256674
252008201	3.4820423
252008241	4.125827
252008281	3.43791
252008321	2.8564205
252008361	2.215889
252008400	0.015499115
252008441	-1.7738895
252008480	-3.0877175
252008521	-4.0700254
252008560	-4.4682903
252008601	-3.8956547
252008640	0.03765869
252008681	2.2270641
252008720	2.6538172
252008760	3.693183
252008800	3.3397512
252008841	0.8399496
252008880	1.8840294
252008920	2.5361433
252008960	-1.7292671
252009001	0.05629635
252009040	0.579854
252009080	-1.0404978
252009120	-1.0946198
252009161	-0.6570406
252009200	-0.34081173
252009240	0.03645134
252009280	1.0421085
252009321	1.6004868
252009360	1.9288349
252009401	3.14297
252009440	2.9285498
252009481	2.9934988
252009520	3.8457556
252009561	3.2889729
252009601	2.8412714
252009641	1.2264366
252009680	-0.8585272
252009721	-2.7309356
252009761	-4.4313736
252009801	-5.056291
252009840	-5.182447
252009881	-2.2449403
252009920	1.7921934
252009960	2.966281
252010000	4.442174
252010040	4.6690817
252010080	1.5290232
252010120	0.8718767
252010160	3.4384422
252010200	-0.9984436
252010243	-0.21681309
252010283	1.9359055
252010320	0.030947685
252010360	-1.0027933
252010400	-0.8195534
252010441	-0.47208023
252010481	-0.087436676
252010523	0.5407448
252010560	1.1984987
252010603	2.12109
252010640	3.0776596
252010681	3.402215
252010721	3.5855665
252010761	4.1720343
252010800	4.1204863
252010843	3.0967941
252010883	0.93649006
252010920	-1.4694729
252010961	-3.4680061
252011000	-4.717322
252011040	-5.075701
252011081	-4.5839615
252011123	0.2029438
252011163	2.4872885
252011200	3.2285137
252011240	4.9028587
252011281	2.5969477
252011320	0.55579376
252011360	1.9429903
252011401	1.625082
252011440	-0.9495487
252011480	0.58357716
252011520	0.15421963
252011560	-1.204649
252011600	-1.014761
252011640	-0.33469963
252011680	-0.23045063
252011721	0.19421959
252011760	0.7483902
252011801	0.94308376
252011841	1.798605
252011883	3.1493368
252011923	2.8363342
252011961	3.8229628
252012000	4.3693314
252012041	4.1050196
252012080	4.0129166
252012121	1.378542
252012161	-1.2575407
252012201	-3.1989145
252012240	-4.6083684
252012281	-5.03875
252012321	-4.244143
252012361	0.12128544
252012400	2.3472881
252012440	2.895009
252012480	5.0547523
252012521	4.456794
252012560	1.1345673
252012600	2.4818106
252012641	2.8285341
252012680	-2.0154185
252012720	0.9231844
252012760	1.4303427
252012800	-0.8148279
252012840	-0.8358135
252012880	-0.6200609
252012920	-0.43677235
252012960	0.045080185
252013001	0.51626205
252013041	1.2616816
252013081	1.4437408
252013120	2.2759876
252013161	3.048109
252013203	2.5305576
252013243	3.3914175
252013280	3.1428986
252013321	2.2247515
252013360	1.5321398
252013400	-0.6698322
252013440	-2.3554735
252013480	-3.8102775
252013520	-4.793807
252013561	-4.9552054
252013601	-3.5056677
252013641	2.7062387
252013680	4.290699
252013720	5.491523
252013760	6.5017986
252013800	0.9158516
252013840	-0.7750759
252013880	1.1904793
252013920	-0.81246567
252013960	-0.34095955
252014001	2.0987644
252014040	0.28339005
252014080	-1.1705971
252014121	-0.7792673
252014161	-0.33826447
252014200	-0.15109158
252014241	0.30810738
252014281	0.8482313
252014320	1.2682495
252014361	1.8184748
252014400	2.7690763
252014441	2.4763212
252014480	3.3738928
252014521	4.371792
252014560	3.9637432
252014601	4.041398
252014640	1.4645548
252014681	-1.4083385
252014720	-3.344315
252014761	-4.899883
252014800	-5.4609694
252014840	-5.152436
252014881	-1.1444731
252014921	2.446251
252014960	3.1880894
252015000	5.3942795
252015040	3.668521
252015080	-0.08041477
252015120	1.0590248
252015160	0.99151134
252015200	-1.4198332
252015240	1.5489063
252015280	1.0998468
252015321	-0.8101139
252015360	-0.70339584
252015400	-0.32208538
252015440	-0.44490242
252015480	-0.40340996
252015521	-0.26775742
252015561	0.64274883
252015600	1.2044134
252015641	1.8878441
252015680	2.8463087
252015721	2.6936169
252015761	2.857585
252015801	3.7778625
252015840	3.5543137
252015881	3.2946663
252015920	1.6897631
252015961	-1.1544161
252016000	-3.1992931
252016041	-4.7394047
252016080	-5.2209797
252016121	-4.769699
252016161	-0.61375237
252016201	2.7383776
252016240	3.0007858
252016281	3.6658087
252016320	3.5141401
252016360	0.32492924
252016400	1.5967216
252016440	2.9280834
252016480	-0.54926205
252016520	0.83929634
252016560	1.5339394
252016601	0.39413643
252016640	0.14916229
252016680	0.6556301
252016720	0.5733328
252016761	0.1634903
252016800	-0.051695824
252016841	-0.23130322
252016880	-0.23014069
252016921	-0.15365696
252016960	0.1850977
252017001	0.6994772
252017041	1.2080526
252017081	1.7441835
252017120	2.4746895
252017161	2.3890076
252017200	2.0679884
252017241	2.5384502
252017280	2.224289
252017321	2.1658287
252017360	1.1723385
252017401	-1.112525
252017440	-2.7993684
252017481	-4.6921053
252017520	-5.0970025
252017561	-4.6286964
252017600	-1.4230967
252017641	2.1349077
252017680	3.6520796
252017720	4.233577
252017761	2.4893255
252017801	1.9509926
252017840	-0.53075314
252017880	0.07716274
252017921	0.12276077
252017960	-1.2648573
252018000	1.2112341
252018040	0.358675
252018080	-1.1197605
252018121	-0.8288164
252018160	-0.3377552
252018200	-0.22122478
252018240	0.27041912
252018280	0.72364044
252018320	1.1333046
252018361	1.7884426
252018400	2.9040098
252018441	3.617755
252018480	3.42984
252018521	4.2886
252018560	3.668231
252018600	3.0966291
252018640	1.5430555
252018681	-1.2836962
252018720	-3.2390718
252018761	-5.0028944
252018801	-5.3519635
252018841	-5.3153625
252018880	-3.685914
252018921	2.7525663
252018960	4.4631596
252019000	4.82909
252019040	4.116317
252019080	1.863246
252019120	0.64118576
252019161	0.98522186
252019201	2.5768757
252019241	-1.3293762
252019280	-0.5790272
252019320	0.48771095
252019360	-0.4186535
252019400	-0.92879486
252019441	-0.49006367
252019481	-0.14251614
252019520	0.26573277
252019561	1.1944609
252019600	1.7027683
252019641	2.8876963
252019680	3.6915884
252019721	3.0122604
252019760	3.6607609
252019801	4.363454
252019840	4.43264
252019881	3.8062449
252019920	1.3408957
252019961	-1.6101761
252020000	-3.9832067
252020041	-5.274573
252020080	-5.490096
252020121	-4.825698
252020160	0.24721527
252020201	3.0913305
252020240	3.8072739
252020280	5.009815
252020320	3.7154741
252020360	1.4865885
252020400	1.7814493
252020440	3.3677893
252020480	-1.4534225
252020521	-0.06611061
252020561	0.9960375
252020600	-0.72849655
252020640	-1.3094311
252020680	-1.2089624
252020720	-0.6321049
252020761	0.1792202
252020800	1.4220848
252020841	2.461625
252020880	3.6624126
252020921	4.711421
252020961	3.7193432
252021001	3.9825306
252021040	3.5872498
252021081	2.5612402
252021120	1.6257229
252021160	-0.69235706
252021201	-2.5253544
252021241	-3.8167777
252021280	-4.5695243
252021321	-4.6171546
252021360	-3.2498713
252021401	2.287344
252021440	3.772215
252021480	5.096711
252021520	5.87702
252021560	0.5811758
252021600	-1.5193539
252021640	0.9962349
252021680	-0.6776638
252021720	-0.45986557
252021760	1.834939
252021801	0.41225147
252021840	-1.3442154
252021880	-1.3756437
252021921	-1.1121836
252021960	-0.60940456
252022000	-0.18961334
252022041	0.8041334
252022080	1.7868662
252022121	2.7688332
252022160	4.078965
252022201	3.2589197
252022240	3.8052502
252022281	3.9491396
252022320	3.3592815
252022361	2.7740545
252022400	0.43694687
252022441	-1.5803995
252022480	-3.3040075
252022521	-4.4806585
252022561	-4.7387457
252022601	-3.8920932
252022640	0.3961172
252022681	2.6571512
252022720	3.7866344
252022760	5.170617
252022800	3.018526
252022840	0.10373211
252022881	0.902936
252022920	0.79222965
252022961	-1.389926
252023000	1.1540833
252023040	0.7114773
252023081	-1.5182571
252023120	-1.4798813
252023160	-1.1575365
252023200	-0.8867674
252023241	0.028749466
252023281	0.7444525
252023321	1.6015844
252023360	2.7712011
252023400	3.458891
252023440	3.554058
252023481	3.0631943
252023521	3.3885002
252023560	3.2878036
252023600	2.663951
252023640	1.3469181
252023680	-0.96511364
252023721	-2.7920122
252023761	-4.141404
252023801	-4.814723
252023841	-4.9848933
252023881	-3.044795
252023920	2.8390265
252023960	4.084482
252024000	5.5528574
252024040	6.553089
252024081	0.73747826
252024120	-0.023153305
252024161	1.7013187
252024210	-1.5110874
252024251	-0.77967834
252024304	1.3812361
252024340	0.36519623
252024380	-0.87014484
252024420	-0.43495083
252024460	-0.34979248
252024501	-0.1620779
252024540	0.269269
252024580	0.8659153
252024621	1.5331793
252024660	2.6711798
252024701	3.8589382
252024740	3.4353895
252024781	3.9655628
252024820	3.8698816
252024861	3.1212702
252024901	2.2218447
252024941	-0.15961647
252024980	-2.4430165
252025021	-4.1776056
252025060	-4.9166226
252025101	-5.0982633
252025140	-3.8918424
252025181	1.1373138
252025220	3.1741695
252025260	3.466258
252025300	4.5299606
252025340	3.605651
252025380	0.48488998
252025420	1.3094063
252025460	2.7424726
252025501	-1.9537902
252025540	0.06595993
252025581	1.1367378
252025620	-0.7984915
252025661	-0.88320255
252025700	-0.5665827
252025740	-0.48934746
252025781	-0.07545662
252025823	0.32730103
252025863	0.9218788
252025901	1.8822031
252025940	2.976038
252025981	3.797923
252026021	3.5611916
252026061	3.8889122
252026100	3.6564417
252026141	2.605672
252026180	1.0822783
252026220	-0.93783665
252026261	-2.8051028
252026300	-4.310287
252026340	-4.659798
252026381	-4.765612
252026420	-3.2391276
252026461	1.482647
252026500	3.2726927
252026540	3.8692503
252026580	5.0874224
252026620	1.2822037
252026660	-0.43238735
252026700	0.6440363
252026741	-0.38036633
252026780	-0.39498997
252026820	1.5608664
252026860	0.31777668
252026900	-1.0720453
252026940	-0.9495802
252026980	-0.4717722
252027020	-0.21333122
252027060	-0.038648605
252027101	0.19178009
252027140	0.6537504
252027181	0.8118496
252027220	1.8240337
252027261	2.6697292
252027301	2.6439714
252027341	3.1773434
252027380	3.4453049
252027421	3.523058
252027460	2.8412924
252027501	0.8356886
252027541	-1.5120707
252027581	-3.4687085
252027620	-4.5897546
252027661	-4.890572
252027700	-4.5399947
252027741	-1.5882063
252027780	2.3991957
252027821	3.4051428
252027860	3.971959
252027900	5.959324
252027940	1.4393864
252027980	0.04096508
252028020	1.7320995
252028061	-1.0371342
252028101	0.08390713
252028140	2.3271227
252028181	0.71512794
252028220	-0.813961
252028260	-0.39415264
252028300	-0.22034359
252028340	-0.38787746
252028380	-0.40956783
252028420	-0.07156944
252028461	0.52229786
252028500	1.196518
252028541	2.098384
252028581	2.7113762
252028621	3.0621786
252028660	2.7970963
252028701	3.0583868
252028740	2.760274
252028781	2.2974567
252028820	0.9705486
252028861	-0.9966755
252028900	-2.585785
252028941	-4.0026073
252028980	-4.5073023
252029021	-4.737721
252029060	-3.9016366
252029101	0.72962856
252029141	2.8715744
252029180	2.902441
252029220	3.9486666
252029260	3.9954672
252029300	0.31285477
252029340	0.65792656
252029380	2.4669685
252029421	-2.4893284
252029460	-0.037898064
252029501	1.6978359
252029540	-0.52715397
252029580	-0.72085667
252029620	-0.5030651
252029660	-0.4466076
252029700	-0.22563839
252029740	-0.09526634
252029781	0.06653309
252029821	0.40925503
252029860	0.8085642
252029901	1.7156239
252029941	2.5552998
252029981	3.1214638
252030020	2.7000704
252030061	2.908002
252030100	2.744092
252030140	2.042222
252030180	1.1890631
252030221	-0.86417866
252030260	-2.3388605
252030301	-3.5975046
252030340	-4.0968
252030381	-4.034386
252030420	-3.5023117
252030461	-0.6441536
252030500	3.0565615
252030541	3.9930477
252030580	3.1991844
252030621	1.9124947
252030660	2.5829115
252030700	0.64619255
252030740	1.0657244
252030780	2.4689713
252030820	-1.4876385
252030861	0.070365906
252030900	1.7219982
252030941	-0.39268398
252030980	-0.42344666
252031020	-0.007977486
252031060	-0.008886337
252031100	0.1938858
252031140	0.005153656
252031181	0.023627281
252031220	0.6874285
252031261	1.0493307
252031300	1.8954
252031341	3.0124788
252031380	2.4961967
252031421	3.0760746
252031460	3.325858
252031501	2.828989
252031541	2.2854185
252031581	0.5475912
252031623	-1.4482718
252031663	-3.0427523
252031700	-4.016384
252031741	-4.3038945
252031780	-4.305834
252031821	-2.8744287
252031860	1.6585846
252031901	3.347024
252031940	3.3744545
252031980	4.6907625
252032020	3.527113
252032060	-0.6033764
252032100	0.40179825
252032141	0.7775965
252032181	-2.5103507
252032220	0.29442406
252032260	0.77618504
252032301	-0.9411011
252032340	-0.29939365
252032380	-0.08593941
252032420	0.040117264
252032461	0.1202755
252032500	-0.03348446
252032541	0.14282513
252032580	0.5421171
252032621	0.878067
252032660	1.2420883
252032701	2.2348852
252032741	2.989585
252032781	2.721034
252032820	3.5573053
252032861	3.0780048
252032900	2.1840992
252032941	1.1858482
252032981	-1.2128038
252033021	-2.7221184
252033060	-3.8659134
252033101	-4.4126487
252033140	-4.390391
252033181	-3.705008
252033221	0.048498154
252033261	2.751525
252033300	2.666421
252033340	3.9870777
252033380	4.280635
252033420	0.76237106
252033460	1.1829538
252033501	2.4552717
252033541	-2.1660233
252033580	-0.4061041
252033620	0.97375774
252033660	-0.4852562
252033701	-0.503355
252033740	-0.078546524
252033780	-0.15050507
252033821	0.079377174
252033860	0.13334846
252033901	0.52130127
252033940	0.91135216
252033981	1.1864309
252034020	2.1713753
252034061	3.028698
252034100	2.7463017
252034141	3.4311295
252034180	3.1064959
252034221	2.3524837
252034260	1.2175045
252034301	-1.0300398
252034340	-2.6003923
252034381	-3.9667444
252034420	-4.2144566
252034461	-3.8963923
252034500	-3.2450767
252034541	-0.20790863
252034580	2.6902094
252034620	2.7158356
252034661	3.828332
252034701	5.2699175
252034740	0.81380653
252034780	1.0103846
252034820	2.218504
252034860	-2.5814438
252034900	-0.25866032
252034940	1.1949663
252034981	-0.31903458
252035020	-0.4447441
252035060	-0.28286076
252035100	-0.33897018
252035141	-0.52586555
252035180	-0.25478458
252035220	0.50109196
252035261	0.89745235
252035300	2.044548
252035341	2.7990675
252035380	2.8978643
252035421	3.2399368
252035461	3.5895758
252035501	3.3906584
252035540	2.815032
252035581	1.2954454
252035620	-0.97362614
252035661	-2.8169165
252035701	-4.2248163
252035741	-4.671544
252035780	-4.549725
252035821	-3.2052202
252035860	1.0615683
252035901	2.5788898
252035940	3.2085743
252035981	4.397381
252036020	1.9768009
252036061	0.38299942
252036101	0.64563274
252036140	0.1524601
252036180	-1.1582012
252036220	1.0434418
252036261	0.49150467
252036300	-1.172102
252036341	-0.9589796
252036380	-0.6262827
252036420	-0.4828186
252036461	-0.009614944
252036500	0.6470175
252036541	1.1234312
252036580	1.7972069
252036621	2.8371048
252036660	2.8549929
252036701	2.8469238
252036740	3.6973867
252036780	3.338687
252036820	2.707262
252036860	1.2765055
252036900	-1.1197186
252036941	-2.708188
252036980	-3.8631668
252037021	-4.3179884
252037060	-4.160133
252037101	-2.4249744
252037140	1.6446037
252037181	2.7331715
252037220	3.2646265
252037260	3.4926548
252037300	2.5649824
252037340	0.27381516
252037380	0.95882034
252037421	0.76331043
252037460	-1.1575041
252037501	1.667861
252037540	1.244153
252037580	-1.3605404
252037620	-1.1620197
252037660	-0.83034515
252037700	-0.514658
252037741	-0.0056295395
252037780	0.1362133
252037821	0.7449713
252037860	1.7214832
252037901	3.0995913
252037940	3.373125
252037981	3.5723944
252038020	3.832079
252038061	3.497118
252038100	3.119813
252038141	1.1291742
252038180	-1.0375681
252038221	-2.529419
252038261	-3.660658
252038301	-4.11892
252038340	-3.1444201
252038381	-0.20514584
252038420	1.178277
252038461	2.459054
252038501	2.4999504
252038541	2.800686
252038580	2.2717953
252038620	0.02041912
252038661	1.4739428
252038700	-1.0784197
252038741	-1.1419888
252038780	2.0040216
252038820	0.7110367
252038860	-1.3267393
252038900	-1.0435038
252038940	-0.8305521
252038980	-0.45224762
252039020	0.15917301
252039060	0.92449856
252039101	2.0226755
252039140	2.9649801
252039181	3.8627586
252039221	3.0822582
252039261	3.3244104
252039300	3.3580904
252039341	2.738474
252039380	1.7137251
252039420	-0.36838913
252039461	-2.1556392
252039501	-3.6529508
252039541	-4.4424458
252039581	-4.7593784
252039620	-3.7701926
252039661	1.2274628
252039700	3.1718826
252039740	3.7223806
252039780	4.934291
252039821	3.189024
252039860	0.7418146
252039900	1.4811096
252039941	1.9524746
252039981	-1.6429253
252040020	0.02631569
252040060	0.5962467
252040100	-0.7815485
252040140	-1.0327139
252040180	-0.65858173
252040220	-0.30730915
252040260	-0.19586563
252040300	0.526042
252040341	0.86757565
252040381	1.4600782
252040420	2.50918
252040461	2.9835815
252040500	3.266756
252040541	3.862277
252040580	3.5569172
252040620	3.0840292
252040660	1.4177561
252040701	-0.68126106
252040740	-2.519764
252040781	-4.209267
252040820	-4.823799
252040861	-4.8182364
252040900	-3.4119148
252040941	0.96329975
252040981	2.549326
252041020	3.2280369
252041060	4.917803
252041100	1.1399164
252041141	-0.8071041
252041181	0.9191818
252041220	-0.9444494
252041261	-0.624465
252041300	1.6147242
252041340	0.062952995
252041380	-1.1923637
252041420	-0.84323025
252041460	-0.36404514
252041500	0.044251442
252041540	0.51627064
252041581	1.0217743
252041620	1.539525
252041661	2.2094069
252041700	3.2178926
252041741	2.9041996
252041780	3.5233564
252041821	4.070486
252041861	3.483592
252041901	2.7890787
252041940	0.600276
252041981	-1.7562294
252042020	-3.688991
252042061	-4.863871
252042100	-5.1326475
252042141	-4.5838017
252042180	-0.6576586
252042221	2.3373928
252042260	3.3434973
252042301	5.1093473
252042340	3.7832355
252042381	0.41963673
252042420	1.0349579
252042460	1.4507875
252042501	-0.9616213
252042540	0.39699936
252042580	0.60666466
252042620	-0.71864223
252042661	-1.0124397
252042700	-0.7862263
252042740	-0.6768503
252042780	-0.5517359
252042820	-0.15738583
252042861	0.7044287
252042900	1.2576494
252042941	2.273961
252042980	3.06003
252043021	2.8974838
252043061	3.4286833
252043101	3.572956
252043140	3.1921358
252043181	2.5852842
252043220	0.7877836
252043261	-1.3191185
252043301	-3.0556555
252043341	-4.2124996
252043380	-4.571243
252043421	-4.49063
252043460	-2.0933714
252043501	2.445797
252043540	3.5160618
252043580	3.9581318
252043620	4.2156544
252043660	1.341752
252043700	0.102412224
252043740	0.54841614
252043781	-0.31506538
252043820	-1.0350399
252043860	1.6138716
252043900	0.7813721
252043940	-0.7961855
252043981	-0.7676945
252044020	-0.623374
252044060	-0.38528728
252044100	-0.40648842
252044142	0.099098206
252044180	0.60454464
252044221	1.0612011
252044260	2.1782722
252044301	2.8520613
252044340	2.8523178
252044381	3.8408232
252044420	3.5186796
252044461	2.7604818
252044500	1.6520462
252044541	-0.6035671
252044580	-2.458261
252044620	-4.071384
252044660	-4.750932
252044701	-4.8111196
252044741	-2.3472986
252044781	1.9970694
252044820	2.629384
252044860	4.126539
252044900	3.477435
252044940	1.1507311
252044980	0.21324348
252045020	1.1191692
252045061	0.22329044
252045100	-0.41735935
252045140	1.6840324
252045180	0.8379288
252045221	-0.78806686
252045260	-0.57361126
252045300	-0.33994007
252045340	-0.2196083
252045380	-0.031064034
252045421	-0.041431427
252045461	0.02725029
252045501	0.14315128
252045540	0.81548405
252045581	2.003479
252045620	2.9158697
252045661	2.9580355
252045701	1.8418207
252045741	0.5780411
252045780	-0.43471336
252045821	-0.53000355
252045860	-0.42453384
252045901	-0.81509495
252045940	-1.1202841
252045981	-1.0907335
252046021	-0.8315439
252046061	-0.59872055
252046100	-0.43869305
252046141	-0.22720623
252046180	0.5925188
252046221	1.2927971
252046260	0.8432865
252046301	-0.18315506
252046340	-1.3747854
252046381	-0.22898865
252046420	0.8965769
252046461	0.12467575
252046500	0.5804968
252046540	0.049570084
252046580	-1.0606155
252046620	0.91675854
252046660	1.2262268
252046700	-0.21750927
252046740	0.23310757
252046780	0.24685478
252046820	0.045315742
252046861	-0.1461258
252046900	-0.09771061
252046941	-0.013810158
252046980	-0.10287094
252047021	-0.010892868
252047060	0.025213242
252047101	0.19922638
252047141	0.58953
252047180	0.84015846
252047220	1.1907835
252047261	1.8259478
252047300	2.2998466
252047341	2.2753973
252047380	2.3223906
252047421	2.5713844
252047461	2.668353
252047501	2.7217827
252047540	2.0543032
252047581	0.15299034
252047620	-2.2903776
252047661	-4.341308
252047700	-5.58887
252047741	-5.67627
252047781	-2.894421
252047821	1.5826159
252047860	3.88581
252047901	5.538357
252047940	6.944214
252047980	1.6140013
252048020	0.5012083
252048061	1.53654
252048100	-1.971386
252048141	-0.55389214
252048180	1.0592546
252048220	-0.99574757
252048261	-0.8301382
252048301	-0.1620493
252048340	-0.15627098
252048380	-0.46079826
252048421	-0.18711662
252048461	0.2829399
252048500	0.57202816
252048541	2.236395
252048580	3.612358
252048621	3.3644304
252048660	4.4913025
252048701	4.353836
252048740	3.9131508
252048781	2.4989939
252048820	0.216815
252048861	-1.9701195
252048900	-4.084888
252048940	-4.9137216
252048980	-5.195162
252049021	-4.0580564
252049060	0.8247013
252049101	2.7145176
252049141	3.1660433
252049180	4.2438993
252049220	3.077753
252049260	0.46643353
252049300	1.4108124
252049341	1.5778503
252049380	-1.8071799
252049420	0.44340992
252049461	0.391325
252049500	-1.3182449
252049540	-1.3093653
252049580	-1.0319004
252049620	-0.4828186
252049661	0.0082912445
252049700	1.0904026
252049741	1.8385315
252049780	3.1965313
252049821	4.2085886
252049860	3.5893555
252049901	4.0104856
252049941	3.9113464
252049981	3.163046
252050020	2.0445948
252050061	0.117863655
252050100	-2.5000095
252050141	-4.4568872
252050180	-5.228471
252050221	-5.1650085
252050260	-3.385974
252050301	1.8659
252050340	3.459917
252050381	3.9040413
252050420	3.6830034
252050460	2.9273987
252050501	1.1110334
252050540	1.2659044
252050581	1.9160309
252050620	-1.5636721
252050661	-0.30466366
252050700	0.52736187
252050740	-0.72016335
252050780	-0.80783653
252050820	-0.3204422
252050860	-0.32850266
252050901	-0.37115955
252050940	0.035471916
252050980	0.686862
252051021	1.4407969
252051061	2.5311146
252051101	3.3084507
252051140	2.9475021
252051181	3.7069921
252051220	3.6384335
252051261	3.2021656
252051300	2.4987288
252051341	0.045333862
252051380	-1.9363756
252051421	-3.6074014
252051460	-4.5637894
252051501	-4.724435
252051540	-3.9640927
252051581	-0.039996147
252051620	2.2889318
252051660	3.01713
252051700	3.923727
252051740	2.7117538
252051781	0.7324896
252051820	0.24939156
252051860	2.2972717
252051900	-1.3031454
252051941	-0.35335445
252051980	2.1198063
252052021	-0.070464134
252052060	-0.98830795
252052100	-0.8723879
252052141	-0.7733507
252052180	-0.55637836
252052220	-0.31955242
252052261	0.58529186
252052301	1.3966799
252052340	2.3881035
252052381	3.4597301
252052420	2.705328
252052461	3.3610067
252052500	3.7446442
252052541	3.311287
252052580	2.792966
252052621	0.7428341
252052660	-1.5357342
252052701	-3.5248785
252052740	-4.35589
252052781	-4.6325493
252052820	-4.267605
252052861	-1.2080135
252052900	1.9866285
252052940	2.9810286
252052981	4.141018
252053020	4.276163
252053061	1.5395489
252053100	0.5933485
252053140	1.4614944
252053181	-1.6846161
252053220	-0.8438301
252053260	1.4345684
252053301	0.24337578
252053340	-0.84206104
252053380	-0.6216364
252053420	-0.10195446
252053460	-0.2635088
252053500	-0.13457203
252053541	0.415164
252053581	1.0117388
252053620	1.8251829
252053661	3.0686197
252053701	3.520669
252053741	3.249261
252053781	3.7634144
252053821	3.1960535
252053860	2.8687716
252053901	1.8412638
252053940	-0.17917442
252053981	-2.0086231
252054020	-3.9647593
252054061	-4.6302547
252054100	-4.941764
252054141	-4.0084124
252054180	0.95160484
252054221	3.0843372
252054260	3.520155
252054300	4.3253126
252054340	3.7298927
252054380	0.89118576
252054420	1.2277651
252054461	3.2287273
252054500	-1.6321268
252054541	0.057613373
252054581	1.5733194
252054620	-0.88033295
252054660	-0.93928146
252054700	-0.5582237
252054740	-0.5652981
252054780	-0.49708557
252054820	-0.13976192
252054861	0.4679947
252054900	1.1036987
252054941	2.6694326
252054980	3.4628057
252055021	3.4426165
252055060	3.4907722
252055101	3.2672234
252055141	3.047018
252055181	2.2355328
252055221	0.47570133
252055261	-1.4132223
252055300	-2.8884654
252055341	-4.041815
252055380	-4.1198654
252055421	-3.9872541
252055461	-2.8884254
252055501	1.6427813
252055540	3.641158
252055580	3.5660143
252055621	4.4756985
252055660	2.714036
252055700	-0.21515846
252055741	1.0982132
252055781	1.489316
252055820	-1.3226051
252055860	0.49510574
252055900	0.48668385
252055940	-1.0776539
252055980	-1.0996466
252056020	-0.6111698
252056061	-0.42284393
252056100	0.04893017
252056141	0.97896194
252056181	1.3865328
252056221	1.882267
252056260	2.820859
252056301	3.5274057
252056341	2.7206717
252056381	3.2161407
252056420	2.7049646
252056461	2.029087
252056500	1.8788776
252056541	-0.14444542
252056581	-1.7043514
252056621	-3.1592226
252056660	-4.060526
252056701	-4.5108743
252056740	-4.2722287
252056781	-1.0763788
252056820	2.3337564
252056861	2.733571
252056900	4.888007
252056940	5.3953667
252056981	0.75274754
252057023	1.340662
252057063	2.8179789
252057100	-2.123639
252057140	-0.10600662
252057180	1.0527477
252057220	-1.0542326
252057260	-0.48719692
252057303	-0.15774155
252057344	-0.15989494
252057381	0.0022029877
252057420	-0.0925827
252057460	0.1753645
252057501	0.4603367
252057540	0.6913605
252057581	1.9471178
252057620	2.748703
252057661	2.517559
252057700	3.303584
252057741	3.114646
252057780	2.3940268
252057820	1.3802996
252057860	-0.36535263
252057900	-2.1446872
252057941	-3.5562167
252057981	-4.1270304
252058020	-4.2332644
252058061	-3.5962343
252058100	-0.5111742
252058141	3.0228643
252058180	2.8357773
252058223	3.8330994
252058263	5.4444046
252058303	0.33242416
252058343	1.2182026
252058380	2.3719282
252058420	-2.068986
252058460	0.13097763
252058500	1.8517389
252058540	-0.04701805
252058584	-0.05202675
252058623	0.50065136
252058661	0.16614151
252058703	-0.08593941
252058743	-0.15419483
252058781	0.021107674
252058823	0.45740032
252058863	0.8748112
252058900	1.5166359
252058941	2.6665764
252058980	2.6065245
252059021	3.521019
252059060	3.814664
252059100	3.2186394
252059143	2.738636
252059183	0.5759239
252059220	-1.4176435
252059260	-2.8371568
252059300	-3.6698408
252059345	-3.9693336
252059381	-3.5766397
252059421	-2.0068989
252059463	1.6611166
252059503	2.4487343
252059543	2.8573217
252059583	2.9790192
252059620	3.2624912
252059660	1.6685152
252059703	1.0282488
252059741	2.1444197
252059784	-2.0015259
252059823	-0.67721653
252059861	1.5768738
252059903	-0.46856403
252059940	-0.64383984
252059980	-0.2243309
252060020	-0.27947235
252060063	-0.35061646
252060103	-0.046894073
252060141	0.19714928
252060180	0.42191315
252060223	0.7302189
252060260	0.85105133
252060301	2.179387
252060340	2.9355106
252060384	2.4143238
252060420	2.5092173
252060463	1.6327076
252060503	1.3760529
252060545	1.1883793
252060584	0.38008595
252060621	-0.4444666
252060660	-1.8974371
252060701	-2.593123
252060740	-2.705967
252060783	-2.669263
252060823	-1.9263525
252060861	-0.2480278
252060903	1.1217413
252060945	2.0182667
252060980	4.3940697
252061021	2.8606024
252061060	0.51186657
252061101	2.7468557
252061143	-0.9266329
252061183	-0.8774862
252061220	2.1204042
252061260	0.22327232
252061303	-0.8638363
252061344	-0.202981
252061380	-0.34932232
252061420	-0.46174145
252061461	-0.0023355484
252061501	-0.11430168
252061540	0.043789864
252061581	0.79264927
252061620	2.741786
252061661	3.991973
252061703	3.9908695
252061745	4.6486006
252061784	2.7819195
252061823	1.2749319
252061860	1.0197439
252061903	-0.42941952
252061943	-1.172574
252061981	-1.7617273
252062020	-1.9216805
252062061	-1.6685867
252062100	-1.5070286
252062141	-2.052927
252062180	-1.8420773
252062221	0.078419685
252062260	0.7773857
252062300	1.0628481
252062340	0.7772713
252062381	0.7414894
252062420	1.9717693
252062463	2.1206226
252062503	2.4360723
252062540	0.78205585
252062581	-0.53939724
252062620	-0.5429716
252062660	0.1673975
252062703	0.30879402
252062740	1.7423134
252062780	3.1714334
252062823	2.3474092
252062861	2.7470703
252062900	2.1447687
252062941	1.4776087
252062981	0.7073498
252063021	-0.6560364
252063060	-0.55806255
252063101	0.76672363
252063140	2.5685806
252063181	3.612337
252063220	4.450244
252063260	4.2313566
252063301	3.276514
252063344	2.1834183
252063385	0.22666645
252063431	-1.8177733
252063471	-4.010972
252063511	-4.4278545
252063550	-3.5896068
252063590	-2.6385546
252063630	-1.4721766
252063671	-0.42321873
252063710	0.35719585
252063750	3.7722902
252063790	5.314274
252063830	5.395385
252063870	6.1751547
252063911	3.8929424
252063950	3.268011
252063993	2.6714468
252064033	1.3847189
252064071	0.40147114
252064111	-0.3977003
252064151	-0.61800194
252064190	-0.015732765
252064230	0.7744055
252064271	1.0589218
252064311	0.9825916
252064350	0.6684952
252064391	0.16169548
252064430	0.034010887
252064471	0.29981327
252064510	0.5603676
252064550	0.69591045
252064590	-0.33978367
252064631	-1.0899572
252064670	-2.6336908
252064711	-1.350235
252064750	-0.4589529
252064791	0.25809574
252064830	1.4241171
252064871	0.07900143
252064910	0.18379784
252064950	0.022051811
252064990	0.14617157
252065031	0.577693
252065070	0.087958336
252065111	0.029344559
252065150	-0.0055446625
252065191	-0.11856079
252065230	-0.05382538
252065271	-0.68604946
252065310	-0.84402657
252065351	-0.99274826
252065391	-0.90737057
252065431	-0.77826023
252065470	-0.74645615
252065515	-0.32371807
252065550	-0.12365532
252065608	0.009029388
252065640	-0.0570879
252065681	-0.23508263
252065720	-0.35937977
252065765	-0.26262474
252065800	0.18651772
252065844	0.4644289
252065883	0.01878643
252065922	-0.40122032
252065960	-0.68811417
252066001	-0.7861328
252066040	-0.40998173
252066085	-0.13990688
252066120	-0.21300316
252066161	-0.1416626
252066200	-0.18561172
252066241	-0.17224884
252066280	-0.07060623
252066321	-0.20515537
252066401	-0.20673943
252066481	-0.23429775
252066520	-0.2075901
252066561	-0.04366398
252066600	-0.016187668
252066641	-0.019958496
252066680	0.07106018
252066721	0.089261055
252066760	0.069895744
252066801	-0.05461502
252066840	-0.2058115
252066881	-0.22786522
252066920	-0.23639011
252066960	-0.21431732
252067000	-0.23639011
252067040	-0.22786522
252067087	-0.18350029
252067121	-0.19093513
252067160	-0.15880871
252067200	-0.20730972
252067240	-0.2551241
252067281	-0.13438988
252067320	-0.09144592
252067366	0.066402435
252067404	0.1229105
252067448	0.003452301
252067488	-0.041734695
252067529	-0.17167187
252067570	-0.24209118
252067611	-0.2375536
252067650	-0.16701317
252067690	-0.11879063
252067730	-0.1305933
252067771	-1.6648941
252067810	-1.5333452
252067851	-1.2993822
252067890	-1.226512
